index,value
0,0.4
1,0.0666667
2,0.533333
3,0.733333
4,0.666667
5,0.333333
6,0.8
7,1
8,0.933333
9,0.6
